dataset,feature_set,comparison,feature,feature_type,psi,ks_statistic_descriptive_only,missingness_change_percentage_points,reference_rows,comparison_rows
bike_sharing,minimal,train_to_validation,weather_temp,numeric,3.8953171339106607,0.6090518360427913,0.0,12112,2595
bike_sharing,minimal,train_to_validation,weather_atemp,numeric,3.4716375069112564,0.6031910263360848,0.0,12112,2595
bike_sharing,minimal,train_to_validation,weather_hum,numeric,0.045674468035522574,0.08309929419190953,0.0,12112,2595
bike_sharing,minimal,train_to_validation,weather_windspeed,numeric,0.06637419194767027,0.09797411061308325,0.0,12112,2595
bike_sharing,minimal,train_to_validation,cal_hour,categorical,0.0007293546605567834,,0.0,12112,2595
bike_sharing,minimal,train_to_validation,cal_weekday,categorical,0.001451724317988088,,0.0,12112,2595
bike_sharing,minimal,train_to_validation,cal_month,categorical,5.152857939019551,,0.0,12112,2595
bike_sharing,minimal,train_to_validation,cal_year,categorical,6.690991966879363,,0.0,12112,2595
bike_sharing,minimal,train_to_validation,cal_is_weekend,categorical,0.0005399740962738005,,0.0,12112,2595
bike_sharing,minimal,train_to_validation,cal_holiday,categorical,1.539515655709829e-05,,0.0,12112,2595
bike_sharing,minimal,train_to_validation,weather_weathersit,categorical,0.03204617123802102,,0.0,12112,2595
bike_sharing,minimal,train_to_test,weather_temp,numeric,0.4242981869209326,0.1677354450399252,0.0,12112,2596
bike_sharing,minimal,train_to_test,weather_atemp,numeric,0.40742004752113914,0.15954074248971584,0.0,12112,2596
bike_sharing,minimal,train_to_test,weather_hum,numeric,0.10142328571930698,0.06655880503080647,0.0,12112,2596
bike_sharing,minimal,train_to_test,weather_windspeed,numeric,0.016022979263445904,0.05247568660656682,0.0,12112,2596
bike_sharing,minimal,train_to_test,cal_hour,categorical,0.0003210596954480114,,0.0,12112,2596
bike_sharing,minimal,train_to_test,cal_weekday,categorical,0.001126424621466634,,0.0,12112,2596
bike_sharing,minimal,train_to_test,cal_month,categorical,5.836426102685933,,0.0,12112,2596
bike_sharing,minimal,train_to_test,cal_year,categorical,6.691265590562371,,0.0,12112,2596
bike_sharing,minimal,train_to_test,cal_is_weekend,categorical,0.00019496999649297854,,0.0,12112,2596
bike_sharing,minimal,train_to_test,cal_holiday,categorical,0.0027066090332259034,,0.0,12112,2596
bike_sharing,minimal,train_to_test,weather_weathersit,categorical,0.026625345326176574,,0.0,12112,2596
bike_sharing,engineered,train_to_validation,weather_temp,numeric,3.8953171339106607,0.6090518360427913,0.0,12112,2595
bike_sharing,engineered,train_to_validation,weather_atemp,numeric,3.4716375069112564,0.6031910263360848,0.0,12112,2595
bike_sharing,engineered,train_to_validation,weather_hum,numeric,0.045674468035522574,0.08309929419190953,0.0,12112,2595
bike_sharing,engineered,train_to_validation,weather_windspeed,numeric,0.06637419194767027,0.09797411061308325,0.0,12112,2595
bike_sharing,engineered,train_to_validation,hour_sin,numeric,0.0002458639327086581,0.007148502225853504,0.0,12112,2595
bike_sharing,engineered,train_to_validation,hour_cos,numeric,0.00046374955083136057,0.007416998190300839,0.0,12112,2595
bike_sharing,engineered,train_to_validation,weekday_sin,numeric,0.0014359177529448697,0.015067526464621783,0.0,12112,2595
bike_sharing,engineered,train_to_validation,weekday_cos,numeric,0.0014372816128764274,0.014957697329739394,0.0,12112,2595
bike_sharing,engineered,train_to_validation,annual_sin,numeric,2.860201730872297,0.4395913350794002,0.0,12112,2595
bike_sharing,engineered,train_to_validation,annual_cos,numeric,4.538611208841749,0.6413474240422721,0.0,12112,2595
bike_sharing,engineered,train_to_validation,target_lag_1h,numeric,0.4589537257694863,0.28449245704191833,0.0,12112,2595
bike_sharing,engineered,train_to_validation,target_lag_24h,numeric,0.4495359585228946,0.282308353604471,-0.9824966974900925,12112,2595
bike_sharing,engineered,train_to_validation,target_lag_168h,numeric,0.44919758622315287,0.2864997525308312,-2.097093791281374,12112,2595
bike_sharing,engineered,train_to_validation,target_trailing_mean_24h,numeric,4.882417142784682,0.7885141701279162,-0.5531704095112285,12112,2595
bike_sharing,engineered,train_to_validation,target_trailing_mean_168h,numeric,7.683017051844591,0.9136651139607114,-0.9990092470277412,12112,2595
bike_sharing,engineered,train_to_validation,temp_humidity_interaction,numeric,2.1398936233742267,0.39803764734030234,0.0,12112,2595
bike_sharing,engineered,train_to_validation,cal_hour,categorical,0.0007293546605567834,,0.0,12112,2595
bike_sharing,engineered,train_to_validation,cal_weekday,categorical,0.001451724317988088,,0.0,12112,2595
bike_sharing,engineered,train_to_validation,cal_month,categorical,5.152857939019551,,0.0,12112,2595
bike_sharing,engineered,train_to_validation,cal_year,categorical,6.690991966879363,,0.0,12112,2595
bike_sharing,engineered,train_to_validation,cal_is_weekend,categorical,0.0005399740962738005,,0.0,12112,2595
bike_sharing,engineered,train_to_validation,cal_holiday,categorical,1.539515655709829e-05,,0.0,12112,2595
bike_sharing,engineered,train_to_validation,weather_weathersit,categorical,0.03204617123802102,,0.0,12112,2595
bike_sharing,engineered,train_to_test,weather_temp,numeric,0.4242981869209326,0.1677354450399252,0.0,12112,2596
bike_sharing,engineered,train_to_test,weather_atemp,numeric,0.40742004752113914,0.15954074248971584,0.0,12112,2596
bike_sharing,engineered,train_to_test,weather_hum,numeric,0.10142328571930698,0.06655880503080647,0.0,12112,2596
bike_sharing,engineered,train_to_test,weather_windspeed,numeric,0.016022979263445904,0.05247568660656682,0.0,12112,2596
bike_sharing,engineered,train_to_test,hour_sin,numeric,7.905521018442642e-05,0.003954615677406403,0.0,12112,2596
bike_sharing,engineered,train_to_test,hour_cos,numeric,0.00022736651573191765,0.005449395778079458,0.0,12112,2596
bike_sharing,engineered,train_to_test,weekday_sin,numeric,0.001004623393625238,0.011536013132692813,0.0,12112,2596
bike_sharing,engineered,train_to_test,weekday_cos,numeric,0.0010405866874778915,0.012388991905034175,0.0,12112,2596
bike_sharing,engineered,train_to_test,annual_sin,numeric,4.399961491875458,0.6418428005284016,0.0,12112,2596
bike_sharing,engineered,train_to_test,annual_cos,numeric,2.0489246463215807,0.3622303798344369,0.0,12112,2596
bike_sharing,engineered,train_to_test,target_lag_1h,numeric,0.17140446291593772,0.1667562686624886,0.0,12112,2596
bike_sharing,engineered,train_to_test,target_lag_24h,numeric,0.17876754782474666,0.1702250437268692,0.019044134559214124,12112,2596
bike_sharing,engineered,train_to_test,target_lag_168h,numeric,0.2312145453138503,0.1986955139137333,-0.5947825432074141,12112,2596
bike_sharing,engineered,train_to_test,target_trailing_mean_24h,numeric,1.291694259438155,0.5284976800356553,0.1016832114440873,12112,2596
bike_sharing,engineered,train_to_test,target_trailing_mean_168h,numeric,1.9731374006285842,0.6446310721741871,-0.9990092470277412,12112,2596
bike_sharing,engineered,train_to_test,temp_humidity_interaction,numeric,0.29347898098242275,0.14671718302520087,0.0,12112,2596
bike_sharing,engineered,train_to_test,cal_hour,categorical,0.0003210596954480114,,0.0,12112,2596
bike_sharing,engineered,train_to_test,cal_weekday,categorical,0.001126424621466634,,0.0,12112,2596
bike_sharing,engineered,train_to_test,cal_month,categorical,5.836426102685933,,0.0,12112,2596
bike_sharing,engineered,train_to_test,cal_year,categorical,6.691265590562371,,0.0,12112,2596
bike_sharing,engineered,train_to_test,cal_is_weekend,categorical,0.00019496999649297854,,0.0,12112,2596
bike_sharing,engineered,train_to_test,cal_holiday,categorical,0.0027066090332259034,,0.0,12112,2596
bike_sharing,engineered,train_to_test,weather_weathersit,categorical,0.026625345326176574,,0.0,12112,2596
metro_traffic,minimal,train_to_validation,weather_temp,numeric,0.036264022545507014,0.07482761623184297,0.0,26590,5697
metro_traffic,minimal,train_to_validation,weather_rain_1h,numeric,0.38713213849810535,0.05896953742008271,0.0,26590,5697
metro_traffic,minimal,train_to_validation,weather_snow_1h,numeric,0.0012557025705576504,0.0006393380970289853,0.0,26590,5697
metro_traffic,minimal,train_to_validation,weather_clouds_all,numeric,0.41656903840154497,0.06736857934703398,0.0,26590,5697
metro_traffic,minimal,train_to_validation,cal_hour,categorical,0.0008144128028385097,,0.0,26590,5697
metro_traffic,minimal,train_to_validation,cal_weekday,categorical,0.0001459163803887392,,0.0,26590,5697
metro_traffic,minimal,train_to_validation,cal_month,categorical,2.292279194773416,,0.0,26590,5697
metro_traffic,minimal,train_to_validation,cal_year,categorical,9.129691210571941,,0.0,26590,5697
metro_traffic,minimal,train_to_validation,cal_is_weekend,categorical,1.477456692199542e-05,,0.0,26590,5697
metro_traffic,minimal,train_to_validation,cal_holiday,categorical,0.0008611990245302177,,0.0,26590,5697
metro_traffic,minimal,train_to_validation,weather_weather_main,categorical,0.0398337776016071,,0.0,26590,5697
metro_traffic,minimal,train_to_test,weather_temp,numeric,0.19433383378741662,0.19839886004954194,0.0,26590,5699
metro_traffic,minimal,train_to_test,weather_rain_1h,numeric,0.002278361683056383,0.011431292321099629,0.0,26590,5699
metro_traffic,minimal,train_to_test,weather_snow_1h,numeric,0.0012558932165857876,0.0006393380970289853,0.0,26590,5699
metro_traffic,minimal,train_to_test,weather_clouds_all,numeric,0.3600450770415051,0.08998223595240246,0.0,26590,5699
metro_traffic,minimal,train_to_test,cal_hour,categorical,0.0009318369916624339,,0.0,26590,5699
metro_traffic,minimal,train_to_test,cal_weekday,categorical,0.00022230253824739009,,0.0,26590,5699
metro_traffic,minimal,train_to_test,cal_month,categorical,2.2804290477469076,,0.0,26590,5699
metro_traffic,minimal,train_to_test,cal_year,categorical,18.506034878331157,,0.0,26590,5699
metro_traffic,minimal,train_to_test,cal_is_weekend,categorical,1.065485952706426e-06,,0.0,26590,5699
metro_traffic,minimal,train_to_test,cal_holiday,categorical,0.0005525016908040989,,0.0,26590,5699
metro_traffic,minimal,train_to_test,weather_weather_main,categorical,0.05608287382111928,,0.0,26590,5699
metro_traffic,engineered,train_to_validation,weather_temp,numeric,0.036264022545507014,0.07482761623184297,0.0,26590,5697
metro_traffic,engineered,train_to_validation,weather_rain_1h,numeric,0.38713213849810535,0.05896953742008271,0.0,26590,5697
metro_traffic,engineered,train_to_validation,weather_snow_1h,numeric,0.0012557025705576504,0.0006393380970289853,0.0,26590,5697
metro_traffic,engineered,train_to_validation,weather_clouds_all,numeric,0.41656903840154497,0.06736857934703398,0.0,26590,5697
metro_traffic,engineered,train_to_validation,hour_sin,numeric,0.00030719827181377663,0.005246475137875017,0.0,26590,5697
metro_traffic,engineered,train_to_validation,hour_cos,numeric,0.0006652276490465653,0.01081867610031817,0.0,26590,5697
metro_traffic,engineered,train_to_validation,weekday_sin,numeric,0.00010439040246915887,0.002951112146209134,0.0,26590,5697
metro_traffic,engineered,train_to_validation,weekday_cos,numeric,7.979111974872574e-05,0.0035299154896552,0.0,26590,5697
metro_traffic,engineered,train_to_validation,annual_sin,numeric,2.380138246494533,0.3724141609602595,0.0,26590,5697
metro_traffic,engineered,train_to_validation,annual_cos,numeric,0.09683110311707756,0.10056960760606959,0.0,26590,5697
metro_traffic,engineered,train_to_validation,target_lag_1h,numeric,0.012893195013244398,0.042089635928676705,0.0,26590,5697
metro_traffic,engineered,train_to_validation,target_lag_24h,numeric,0.013625154596871244,0.04591416723541747,-4.940400993562126,26590,5697
metro_traffic,engineered,train_to_validation,target_lag_168h,numeric,0.01568081242210085,0.049864413390302786,-7.8274539036433275,26590,5697
metro_traffic,engineered,train_to_validation,target_trailing_mean_24h,numeric,0.09575023706048469,0.1085071869880237,-6.163971417826251,26590,5697
metro_traffic,engineered,train_to_validation,target_trailing_mean_168h,numeric,0.45538360787513726,0.30156363541490644,-9.62015795411809,26590,5697
metro_traffic,engineered,train_to_validation,cal_hour,categorical,0.0008144128028385097,,0.0,26590,5697
metro_traffic,engineered,train_to_validation,cal_weekday,categorical,0.0001459163803887392,,0.0,26590,5697
metro_traffic,engineered,train_to_validation,cal_month,categorical,2.292279194773416,,0.0,26590,5697
metro_traffic,engineered,train_to_validation,cal_year,categorical,9.129691210571941,,0.0,26590,5697
metro_traffic,engineered,train_to_validation,cal_is_weekend,categorical,1.477456692199542e-05,,0.0,26590,5697
metro_traffic,engineered,train_to_validation,cal_holiday,categorical,0.0008611990245302177,,0.0,26590,5697
metro_traffic,engineered,train_to_validation,weather_weather_main,categorical,0.0398337776016071,,0.0,26590,5697
metro_traffic,engineered,train_to_test,weather_temp,numeric,0.19433383378741662,0.19839886004954194,0.0,26590,5699
metro_traffic,engineered,train_to_test,weather_rain_1h,numeric,0.002278361683056383,0.011431292321099629,0.0,26590,5699
metro_traffic,engineered,train_to_test,weather_snow_1h,numeric,0.0012558932165857876,0.0006393380970289853,0.0,26590,5699
metro_traffic,engineered,train_to_test,weather_clouds_all,numeric,0.3600450770415051,0.08998223595240246,0.0,26590,5699
metro_traffic,engineered,train_to_test,hour_sin,numeric,0.00032062477260711146,0.0061966031793943,0.0,26590,5699
metro_traffic,engineered,train_to_test,hour_cos,numeric,0.0007580822574731577,0.012193016846578253,0.0,26590,5699
metro_traffic,engineered,train_to_test,weekday_sin,numeric,0.00020868606255529965,0.004430605159512435,0.0,26590,5699
metro_traffic,engineered,train_to_test,weekday_cos,numeric,0.00017526140144535278,0.005952285658608392,0.0,26590,5699
metro_traffic,engineered,train_to_test,annual_sin,numeric,0.07043205314200546,0.12869832405294535,0.0,26590,5699
metro_traffic,engineered,train_to_test,annual_cos,numeric,0.9719604648153604,0.24446407962284444,0.0,26590,5699
metro_traffic,engineered,train_to_test,target_lag_1h,numeric,0.016241640051725546,0.043076683682819195,0.0,26590,5699
metro_traffic,engineered,train_to_test,target_lag_24h,numeric,0.016539319717501225,0.046902661259901224,-5.028258885108866,26590,5699
metro_traffic,engineered,train_to_test,target_lag_168h,numeric,0.017667971722047152,0.04812994332445131,-7.845117882890324,26590,5699
metro_traffic,engineered,train_to_test,target_trailing_mean_24h,numeric,0.09288337150351038,0.11464610661462177,-6.163971417826251,26590,5699
metro_traffic,engineered,train_to_test,target_trailing_mean_168h,numeric,0.31473603890564417,0.23528245459233277,-9.62015795411809,26590,5699
metro_traffic,engineered,train_to_test,cal_hour,categorical,0.0009318369916624339,,0.0,26590,5699
metro_traffic,engineered,train_to_test,cal_weekday,categorical,0.00022230253824739009,,0.0,26590,5699
metro_traffic,engineered,train_to_test,cal_month,categorical,2.2804290477469076,,0.0,26590,5699
metro_traffic,engineered,train_to_test,cal_year,categorical,18.506034878331157,,0.0,26590,5699
metro_traffic,engineered,train_to_test,cal_is_weekend,categorical,1.065485952706426e-06,,0.0,26590,5699
metro_traffic,engineered,train_to_test,cal_holiday,categorical,0.0005525016908040989,,0.0,26590,5699
metro_traffic,engineered,train_to_test,weather_weather_main,categorical,0.05608287382111928,,0.0,26590,5699
