dataset,feature_set,model,split_strategy,seed,fold,train_rows,validation_rows,test_rows,fit_seconds,validation_inference_ms_per_row,validation_mae,validation_rmse,validation_r2,test_inference_ms_per_row,test_mae,test_rmse,test_r2
bike_sharing,minimal,dummy_mean,random,11,holdout,12112,2595,2596,0.021720976999858976,0.0020872393065255123,138.7231510716931,175.97997899146205,-0.0006704976466158641,0.0018434495376359323,143.43341435253504,182.24817888621402,-8.560344899422034e-05
bike_sharing,minimal,ridge,random,11,holdout,12112,2595,2596,0.02561692800009041,0.0023099807323383255,75.64691359799536,101.74559667236528,0.6655002336210538,0.0018972846689389714,74.94152916442471,101.67824305159745,0.6887087973672961
bike_sharing,minimal,random_forest,random,11,holdout,12112,2595,2596,4.6829762139987,0.018418698265807845,35.429398792572194,56.48617003342747,0.8969023346433497,0.01831013983085643,36.816681274701466,58.399904485891895,0.8973083683146311
bike_sharing,minimal,hist_gradient_boosting,random,11,holdout,12112,2595,2596,0.2460498459986411,0.004528164547313586,40.807043777991424,58.888275021207676,0.887947322421288,0.010157815485244071,40.94820235536341,59.50234673693122,0.8933946575424264
bike_sharing,minimal,mlp,random,11,holdout,12112,2595,2596,4.339812861999235,0.0036404073219699247,26.99752791578788,41.771190823382284,0.9436208809357931,0.0029401771959218464,27.186564603605785,42.294801465461845,0.9461377164007815
bike_sharing,minimal,dummy_mean,random,29,holdout,12112,2595,2596,0.025256738999814843,0.0024756088629472634,139.8785070873517,177.26080630589405,-0.000527864012467516,0.002294496918332211,142.2429614303481,181.3820969431112,-7.361324988464091e-06
bike_sharing,minimal,ridge,random,29,holdout,12112,2595,2596,0.02894190000006347,0.0027816678226435547,75.15196471836569,102.09748165939185,0.6680797057427614,0.0024487846687928313,76.0094590604467,102.78602762603673,0.6788687834916975
bike_sharing,minimal,random_forest,random,29,holdout,12112,2595,2596,4.856506072999764,0.019497744123501207,37.285108722529614,59.186998514198386,0.8884533889532736,0.018549021186507482,36.240323777151474,57.07588899645338,0.9009807279130583
bike_sharing,minimal,hist_gradient_boosting,random,29,holdout,12112,2595,2596,0.3163762180010963,0.004714652023373283,42.3203030429736,61.880895088415414,0.8780682179644985,0.0046263482281868685,41.08511983531304,59.389615666682,0.8927899768718831
bike_sharing,minimal,mlp,random,29,holdout,12112,2595,2596,3.7263910900001065,0.0029677263964230003,28.790883717344965,45.94356637011937,0.9327870192856083,0.0023709503077074165,28.00144440121418,44.87381722471242,0.9387930992215384
bike_sharing,minimal,dummy_mean,random,47,holdout,12112,2595,2596,0.020231229000273743,0.001956657803872455,138.57799468925862,177.41955941501632,-3.416173478409945e-05,0.002255984591508278,142.20817293600763,180.84338830370083,-0.00022556387796934807
bike_sharing,minimal,ridge,random,47,holdout,12112,2595,2596,0.029613400000016554,0.0049358728322243545,75.89770024950569,103.07637579463542,0.6624562091509322,0.0032964888288470333,77.13648755207096,102.63519467855276,0.6778298494230595
bike_sharing,minimal,random_forest,random,47,holdout,12112,2595,2596,4.866946847998406,0.021016344508728836,35.96857184671402,55.69931288131152,0.9014375436240694,0.019761049306193105,35.69623923253128,56.64538237750493,0.9018655020884342
bike_sharing,minimal,hist_gradient_boosting,random,47,holdout,12112,2595,2596,0.42140961999939464,0.00536800192677782,40.684551223648164,58.26040477860392,0.8921652245086047,0.005130358628659552,40.33386318436926,57.401487439723134,0.8992282102249879
bike_sharing,minimal,mlp,random,47,holdout,12112,2595,2596,5.205109766999158,0.002751746435307849,27.60142292331332,43.46705368137246,0.9399749887502086,0.0024942180274780614,27.517306565111756,43.28178204362571,0.9427068175404095
bike_sharing,minimal,dummy_mean,temporal,11,holdout,12112,2595,2596,0.019236161000662833,0.0018873217725710897,193.97570272192993,254.21215702356992,-0.2894296193736805,0.001736971495058427,168.23460872636085,226.72334838121137,-0.11993367899354457
bike_sharing,minimal,ridge,temporal,11,holdout,12112,2595,2596,0.026642079999874113,0.001990754142696772,111.3299985355096,142.28283485095236,0.5960663538721711,0.0018540820492097343,99.68174621229053,135.37199217241144,0.600738483796786
bike_sharing,minimal,random_forest,temporal,11,holdout,12112,2595,2596,4.575029415000245,0.011416917148026905,100.22120591705804,136.56361474373423,0.6278868495770308,0.014166902156831876,65.77017498894737,95.15023262420094,0.8027488607836162
bike_sharing,minimal,hist_gradient_boosting,temporal,11,holdout,12112,2595,2596,0.38727117000053113,0.004320822350732643,72.53763698984578,91.69711383012485,0.8322292122826607,0.004350892142193363,65.9136262285092,92.35087533704456,0.8141845404507141
bike_sharing,minimal,mlp,temporal,11,holdout,12112,2595,2596,5.1438271299994085,0.0026824420039530355,42.445922051644864,63.64141535793244,0.9191863597602072,0.0029275581664408453,48.159172437986456,75.1715787837167,0.8768860814621663
bike_sharing,minimal,dummy_mean,temporal,29,holdout,12112,2595,2596,0.019640407001134008,0.0019805965315551014,193.97570272192993,254.21215702356992,-0.2894296193736805,0.0016810647156025866,168.23460872636085,226.72334838121137,-0.11993367899354457
bike_sharing,minimal,ridge,temporal,29,holdout,12112,2595,2596,0.02915917100108345,0.0024685657030316466,111.3299985355096,142.28283485095236,0.5960663538721711,0.002228150616052357,99.68174621229053,135.37199217241144,0.600738483796786
bike_sharing,minimal,random_forest,temporal,29,holdout,12112,2595,2596,4.739671161998558,0.010616436223793319,100.95569288581503,136.55641014047882,0.6279261112339798,0.014396187596444439,65.708772459159,95.1359002242871,0.8028082798562182
bike_sharing,minimal,hist_gradient_boosting,temporal,29,holdout,12112,2595,2596,0.21102212600089842,0.003914781502916375,71.88218524164465,91.54030373032403,0.8328025271503461,0.0036536409862255458,65.16738599712426,91.7123408727413,0.8167451959882777
bike_sharing,minimal,mlp,temporal,29,holdout,12112,2595,2596,4.732551597000565,0.002485361464006686,51.01821062066603,69.69063789533182,0.9030932809031121,0.0022644799692086836,49.62291133267,73.59606384180326,0.8819926694449874
bike_sharing,minimal,dummy_mean,temporal,47,holdout,12112,2595,2596,0.031781382000190206,0.0025023190750839614,193.97570272192993,254.21215702356992,-0.2894296193736805,0.0021393879046662295,168.23460872636085,226.72334838121137,-0.11993367899354457
bike_sharing,minimal,ridge,temporal,47,holdout,12112,2595,2596,0.029637232000823133,0.004533860115763939,111.3299985355096,142.28283485095236,0.5960663538721711,0.002174701849029384,99.68174621229053,135.37199217241144,0.600738483796786
bike_sharing,minimal,random_forest,temporal,47,holdout,12112,2595,2596,4.571200996999323,0.010981893256257974,98.4440642285175,133.70086034194446,0.6433243884949791,0.0153125261939972,65.39639446977435,94.69129864300793,0.8046470576638877
bike_sharing,minimal,hist_gradient_boosting,temporal,47,holdout,12112,2595,2596,0.2690123850006785,0.00419667745669088,76.88953620328938,95.59272399418823,0.8176714469426074,0.0037825373655055684,64.51561597905321,90.8314487933092,0.820248594803496
bike_sharing,minimal,mlp,temporal,47,holdout,12112,2595,2596,5.038134087000799,0.0027346231209550245,44.0957231317968,65.59183560567999,0.9141570605156658,0.0024425119412912256,50.25872051121964,74.49612241755734,0.8790886285345605
bike_sharing,engineered,dummy_mean,random,11,holdout,12112,2595,2596,0.027406431998315384,0.002322584971146719,138.7231510716931,175.97997899146205,-0.0006704976466158641,0.0021246737287163114,143.43341435253504,182.24817888621402,-8.560344899422034e-05
bike_sharing,engineered,ridge,random,11,holdout,12112,2595,2596,0.03361368600053538,0.0034149761078094165,38.01497683769523,55.42888729199912,0.9007256862369138,0.0028252958399107774,36.793886719476625,53.67158544228959,0.913263952121671
bike_sharing,engineered,random_forest,random,11,holdout,12112,2595,2596,9.14687837999918,0.021807815799702035,23.200245275385313,38.42707087343521,0.9522867350688855,0.02155922496132611,21.63833731356419,35.7005402000478,0.961623942500125
bike_sharing,engineered,hist_gradient_boosting,random,11,holdout,12112,2595,2596,0.29908848800005217,0.00443992832378818,23.480604434302602,36.4498441171335,0.9570704907865974,0.003777917180768123,22.700966840623998,34.378002054949654,0.9644145839915379
bike_sharing,engineered,mlp,random,11,holdout,12112,2595,2596,4.017361677000736,0.003589524085100055,20.328337375165464,30.939934526627138,0.9690683310470358,0.0032491510015693875,19.729090184889763,30.047439001037592,0.9728152273527455
bike_sharing,engineered,dummy_mean,random,29,holdout,12112,2595,2596,0.03681761899861158,0.0029633934494073867,139.8785070873517,177.26080630589405,-0.000527864012467516,0.0026056352078583063,142.2429614303481,181.3820969431112,-7.361324988464091e-06
bike_sharing,engineered,ridge,random,29,holdout,12112,2595,2596,0.04104611299953831,0.003082887861166178,38.71258125011297,56.484402092031296,0.8984076938479154,0.002515195300655948,37.262571832422125,54.56178690220375,0.909511887312936
bike_sharing,engineered,random_forest,random,29,holdout,12112,2595,2596,9.053047840001454,0.020610206936939615,23.103561034557767,38.48113214583867,0.9528480748886867,0.01947790716525832,22.34626466282108,36.24332223303661,0.960072661591527
bike_sharing,engineered,hist_gradient_boosting,random,29,holdout,12112,2595,2596,0.3713280230003875,0.004788279769160903,23.532439712542942,36.612437103395834,0.957316401678583,0.003981707241684254,22.9450011851374,35.39501077000585,0.9619198668962197
bike_sharing,engineered,mlp,random,29,holdout,12112,2595,2596,4.972578908998912,0.0029942593450632453,20.40934324623366,32.72195273498775,0.9659056690072236,0.002651206471305278,19.791270907390544,31.193142595289583,0.9704244641995512
bike_sharing,engineered,dummy_mean,random,47,holdout,12112,2595,2596,0.02921721900020202,0.003063104817002692,138.57799468925862,177.41955941501632,-3.416173478409945e-05,0.0020232569337652537,142.20817293600763,180.84338830370083,-0.00022556387796934807
bike_sharing,engineered,ridge,random,47,holdout,12112,2595,2596,0.03641374499966332,0.0025946863195762445,37.77502205758881,56.064727217478286,0.9001400670736945,0.0020916286597252773,38.581533952218905,56.19781288072933,0.9034101465612062
bike_sharing,engineered,random_forest,random,47,holdout,12112,2595,2596,9.480960935001349,0.020943043930791383,23.00177027632431,38.88276080325366,0.9519685131783145,0.01975456278857868,22.710784066222715,37.15217396993883,0.957785549290752
bike_sharing,engineered,hist_gradient_boosting,random,47,holdout,12112,2595,2596,0.27397013300105755,0.004616013487316677,23.584834813004846,36.47465112594135,0.9577337092330919,0.004049260400691314,23.219983838626256,35.19276635441766,0.9621209139560519
bike_sharing,engineered,mlp,random,47,holdout,12112,2595,2596,3.1954446420004388,0.0044020751444869615,21.119428613941157,33.12215291531158,0.965146294373387,0.003193251540813208,20.37226285135553,32.56870299210052,0.967559046788772
bike_sharing,engineered,dummy_mean,temporal,11,holdout,12112,2595,2596,0.03537805799896887,0.0025348188823525503,193.97570272192993,254.21215702356992,-0.2894296193736805,0.0022175859010724374,168.23460872636085,226.72334838121137,-0.11993367899354457
bike_sharing,engineered,ridge,temporal,11,holdout,12112,2595,2596,0.04085067300002265,0.002678460501111292,51.24137378990291,73.12973569136854,0.8932929734314369,0.00198512480725768,47.72711927799592,70.7788190464572,0.890854348999574
bike_sharing,engineered,random_forest,temporal,11,holdout,12112,2595,2596,8.997773271999904,0.01623856685959208,41.777182670608234,66.18519102710115,0.9125969346771529,0.01721837095559895,35.467812667279404,59.291008744939305,0.9234090440886177
bike_sharing,engineered,hist_gradient_boosting,temporal,11,holdout,12112,2595,2596,0.3701928360005695,0.007900781888136352,39.45334262183275,60.51532284872145,0.9269305699337871,0.004294618259004731,34.48740056293599,56.23366849339601,0.9311042164034332
bike_sharing,engineered,mlp,temporal,11,holdout,12112,2595,2596,3.6791247649998695,0.002783627745523593,31.69089798193405,45.81173535196922,0.9581246454518955,0.0026863775037810063,28.964211486583565,42.86791591156989,0.9599627212576516
bike_sharing,engineered,dummy_mean,temporal,29,holdout,12112,2595,2596,0.03581681799914804,0.0025298273602347133,193.97570272192993,254.21215702356992,-0.2894296193736805,0.0022042288138381908,168.23460872636085,226.72334838121137,-0.11993367899354457
bike_sharing,engineered,ridge,temporal,29,holdout,12112,2595,2596,0.042302592999476474,0.0026346643546787726,51.24137378990291,73.12973569136854,0.8932929734314369,0.0023658925270915888,47.72711927799592,70.7788190464572,0.890854348999574
bike_sharing,engineered,random_forest,temporal,29,holdout,12112,2595,2596,9.918149974999324,0.017059147205972697,42.635062868110104,68.22389348947658,0.9071294511750381,0.018082070108187177,36.18409526246061,61.23566975832352,0.9183025020999687
bike_sharing,engineered,hist_gradient_boosting,temporal,29,holdout,12112,2595,2596,0.5914944110008946,0.004718079769062883,39.68189065124047,59.85335702670408,0.9285204123339199,0.00540795377472132,33.949827950389256,54.67783316028678,0.9348638024303446
bike_sharing,engineered,mlp,temporal,29,holdout,12112,2595,2596,4.688620008000726,0.003083218882189658,33.01864435683133,46.49089229550341,0.9568738415697857,0.002286029660694496,30.614804263245404,44.42451364461755,0.9570023049621945
bike_sharing,engineered,dummy_mean,temporal,47,holdout,12112,2595,2596,0.030221221000829246,0.00206427745676289,193.97570272192993,254.21215702356992,-0.2894296193736805,0.0019827234203293035,168.23460872636085,226.72334838121137,-0.11993367899354457
bike_sharing,engineered,ridge,temporal,47,holdout,12112,2595,2596,0.03852982799980964,0.0022008254332176315,51.24137378990291,73.12973569136854,0.8932929734314369,0.0017962345916409052,47.72711927799592,70.7788190464572,0.890854348999574
bike_sharing,engineered,random_forest,temporal,47,holdout,12112,2595,2596,9.238428914000906,0.017232425047801574,42.213194857421506,67.27351244407141,0.9096988632314276,0.01692475693400862,35.99354525905821,60.4254407604679,0.9204501316459115
bike_sharing,engineered,hist_gradient_boosting,temporal,47,holdout,12112,2595,2596,0.37267978900126764,0.004217425433025867,37.843966170135666,57.54793520866844,0.933920841658812,0.004005112094957653,33.41447445314141,53.907295890569074,0.9366867064933339
bike_sharing,engineered,mlp,temporal,47,holdout,12112,2595,2596,2.969346994999796,0.0025429371869725827,33.90971990256168,47.86658562788759,0.9542838224670537,0.0022277692610000437,32.637643407521324,46.55658784284356,0.9527760731354111
metro_traffic,minimal,dummy_mean,random,11,holdout,26590,5697,5699,0.047338439000668586,0.0016488727398786193,1748.6380548526727,1991.52667273402,-3.262007881588147e-07,0.001504481312589978,1743.183816813398,1983.0803907082602,-5.997806344049117e-05
metro_traffic,minimal,ridge,random,11,holdout,26590,5697,5699,0.061700972999460646,0.001744622432733084,576.9896535806282,791.0108024420936,0.8422415189979211,0.0016557768031302807,586.3551499098804,808.4493076212495,0.8337923557779324
metro_traffic,minimal,random_forest,random,11,holdout,26590,5697,5699,12.699637970999902,0.01936840705628027,250.45964763100622,457.28902173596845,0.9472758681348535,0.020143928408561582,254.343762082992,465.65694429202495,0.9448586270900451
metro_traffic,minimal,hist_gradient_boosting,random,11,holdout,26590,5697,5699,0.4899251320002804,0.0032621056694749594,306.2660955837965,484.4379432625447,0.94082964291122,0.0030196766096937497,313.4426567218075,492.1787280097859,0.9383985285369495
metro_traffic,minimal,mlp,random,11,holdout,26590,5697,5699,13.772988802998952,0.0023040459892875887,250.04430523501105,452.17128548603137,0.9484493855431713,0.0022947883838403643,256.8195579490677,459.2532156480991,0.9463648105626304
metro_traffic,minimal,dummy_mean,random,29,holdout,26590,5697,5699,0.05540773599932436,0.002194790416013701,1741.0455674928505,1984.3361477105182,-0.0014840499887562864,0.0019513033863312814,1739.7898998597102,1988.005158027288,-3.6501232200114586e-05
metro_traffic,minimal,ridge,random,29,holdout,26590,5697,5699,0.059973907000312465,0.002313404949989363,573.178847276507,783.4562602809759,0.8438855656831199,0.001724529039968535,614.8009512809191,3475.00196866843,-2.055560929320657
metro_traffic,minimal,random_forest,random,29,holdout,26590,5697,5699,12.276230082999973,0.020236288573034448,253.2325214665052,447.894253106064,0.9489771716108155,0.020116639586095195,240.08291226723,434.30913224128676,0.952271392809228
metro_traffic,minimal,hist_gradient_boosting,random,29,holdout,26590,5697,5699,0.5549938040003326,0.0036969799896003843,306.04674229420783,471.0475808409932,0.943565704896987,0.004010310931574353,297.56330748124805,464.92206941533397,0.9453058140654751
metro_traffic,minimal,mlp,random,29,holdout,26590,5697,5699,11.281061846000739,0.0027250430052145292,250.18240469845705,432.4206872517831,0.9524416832885986,0.0023039912267089325,347.12999898669506,7847.577095582607,-14.58303406905385
metro_traffic,minimal,dummy_mean,random,47,holdout,26590,5697,5699,0.0488052559994685,0.0020525301034587913,1738.9095164725493,1986.2290022988723,-0.0003594360314753686,0.0018526404633410927,1725.4599410597098,1975.271498079,-1.753969100537489e-05
metro_traffic,minimal,ridge,random,47,holdout,26590,5697,5699,0.057598016999691026,0.0023665411618032203,579.9880251753169,806.9202508689181,0.8348955933724277,0.0018727420600220667,577.8075776588695,800.4307936723765,0.8357892444476471
metro_traffic,minimal,random_forest,random,47,holdout,26590,5697,5699,12.631332826998914,0.021616216956521363,249.5406819552631,468.0201427814429,0.9444573592174771,0.022448782593654685,249.73052327135198,458.9689027479803,0.9460091027180104
metro_traffic,minimal,hist_gradient_boosting,random,47,holdout,26590,5697,5699,0.647466368998721,0.0038852181849749748,297.2181308602631,485.07806302934256,0.9403348544500031,0.0033166899455913355,299.32765820375266,474.7786230767879,0.9422254813069326
metro_traffic,minimal,mlp,random,47,holdout,26590,5697,5699,11.346188135001285,0.002477245216741718,250.4761279659544,458.3246431179855,0.9467347643335844,0.0022020419372549955,247.25022929909906,445.7334920980562,0.9490781048026541
metro_traffic,minimal,dummy_mean,temporal,11,holdout,26590,5697,5699,0.058231700999385794,0.0018405564332440805,1721.208274381263,1966.7736504699935,-0.0025037901669906493,0.0018536859098662545,1741.6222827371982,1986.4152199062366,-0.0032933771858751903
metro_traffic,minimal,ridge,temporal,11,holdout,26590,5697,5699,0.056180802999733714,0.0019521818502177112,587.912245912294,802.1895367072204,0.8332248858057077,0.001941091595140268,558.7860594903227,767.554747791645,0.8502017975223672
metro_traffic,minimal,random_forest,temporal,11,holdout,26590,5697,5699,12.298446221999257,0.017221857468830523,261.3579531583113,467.84490489983597,0.9432741425920654,0.018588403228787388,235.97100658639746,418.35868031741705,0.9554973937281206
metro_traffic,minimal,hist_gradient_boosting,temporal,11,holdout,26590,5697,5699,0.7950494540000363,0.003273117254688101,314.3654865443844,504.0901782508045,0.9341442451530657,0.003888656255419632,278.84078666246194,438.3217898650252,0.9511489391947354
metro_traffic,minimal,mlp,temporal,11,holdout,26590,5697,5699,10.118960323001374,0.001821140600057674,308.27847825745556,496.6605955922353,0.9360711825889937,0.002020398139927507,326.02636441440507,473.901583794439,0.9428963067781455
metro_traffic,minimal,dummy_mean,temporal,29,holdout,26590,5697,5699,0.04375971500121523,0.0019676478847296523,1721.208274381263,1966.7736504699935,-0.0025037901669906493,0.0015709506928309805,1741.6222827371982,1986.4152199062366,-0.0032933771858751903
metro_traffic,minimal,ridge,temporal,29,holdout,26590,5697,5699,0.059318955998605816,0.0017034892048470955,587.912245912294,802.1895367072204,0.8332248858057077,0.0015037975085436229,558.7860594903227,767.554747791645,0.8502017975223672
metro_traffic,minimal,random_forest,temporal,29,holdout,26590,5697,5699,11.544906972001627,0.01664572652270188,262.5832805292816,468.6969463623802,0.9430673356184084,0.01703357729420174,236.8164106155284,418.61901956933286,0.9554419896903406
metro_traffic,minimal,hist_gradient_boosting,temporal,29,holdout,26590,5697,5699,0.4352675009995437,0.002945623134870132,315.06274921470595,503.8781515397552,0.9341996330307163,0.0033120752760796386,279.59230178659857,440.9980277644506,0.9505505834637477
metro_traffic,minimal,mlp,temporal,29,holdout,26590,5697,5699,11.158029398000508,0.0024191901002962877,299.65617247971016,491.7266386687251,0.9373350448376694,0.0025254409544534407,335.3933367117342,479.8170789689048,0.9414618110383752
metro_traffic,minimal,dummy_mean,temporal,47,holdout,26590,5697,5699,0.05823664600029588,0.0018391397224309007,1721.208274381263,1966.7736504699935,-0.0025037901669906493,0.001864022284755444,1741.6222827371982,1986.4152199062366,-0.0032933771858751903
metro_traffic,minimal,ridge,temporal,47,holdout,26590,5697,5699,0.05599481700119213,0.0019823931894707193,587.912245912294,802.1895367072204,0.8332248858057077,0.0019135937883780637,558.7860594903227,767.554747791645,0.8502017975223672
metro_traffic,minimal,random_forest,temporal,47,holdout,26590,5697,5699,11.774544497000534,0.01668177233639994,261.55883672542535,466.7104803796841,0.9435489053773265,0.017780996490871115,237.06736824007248,419.2487487695019,0.9553078314995315
metro_traffic,minimal,hist_gradient_boosting,temporal,47,holdout,26590,5697,5699,0.46987158200136037,0.0029661151482166404,315.32706696754434,502.78782546847935,0.9344840916175858,0.003070558869931001,278.086202957612,439.01835321359073,0.9509935515451384
metro_traffic,minimal,mlp,temporal,47,holdout,26590,5697,5699,11.130210450999584,0.0021961388449596025,308.91400384838215,495.36549939093686,0.9364041505039199,0.0022066006314293246,353.05468102847885,493.2985472710219,0.9381260915778751
metro_traffic,engineered,dummy_mean,random,11,holdout,26590,5697,5699,0.0783126580008684,0.0018184333860273238,1748.6380548526727,1991.52667273402,-3.262007881588147e-07,0.0015607178452177984,1743.183816813398,1983.0803907082602,-5.997806344049117e-05
metro_traffic,engineered,ridge,random,11,holdout,26590,5697,5699,0.0875761950010201,0.0021565136033510346,283.1520676114904,407.42000860878716,0.9581483490834849,0.0018956745043652292,288.33830642663,417.1281596363642,0.9557529393331738
metro_traffic,engineered,random_forest,random,11,holdout,26590,5697,5699,21.647026210999684,0.021278953659886843,149.88166626121722,241.69728303818772,0.9852710623443851,0.02154653500611387,147.02224031152744,243.57554332444994,0.9849126568879499
metro_traffic,engineered,hist_gradient_boosting,random,11,holdout,26590,5697,5699,0.6464367080006923,0.0033164200458660462,168.74346759810567,258.6820449818893,0.9831282373138034,0.002978306545002678,169.02193452241963,264.51103753013825,0.9822076626189211
metro_traffic,engineered,mlp,random,11,holdout,26590,5697,5699,9.007142349999413,0.0026418625591517315,161.59526483963614,256.34889621069584,0.983431210113217,0.002408426565909468,161.56809841161038,259.9841568458946,0.9828114526918089
metro_traffic,engineered,dummy_mean,random,29,holdout,26590,5697,5699,0.08919177099960507,0.001691777953358069,1741.0455674928505,1984.3361477105182,-0.0014840499887562864,0.0019106713458699172,1739.7898998597102,1988.005158027288,-3.6501232200114586e-05
metro_traffic,engineered,ridge,random,29,holdout,26590,5697,5699,0.08494557099947997,0.0019795014921748905,286.07149864349964,411.4450335165374,0.9569436512495577,0.0018535472890852604,290.9581631751303,697.1626244095313,0.8770158821196923
metro_traffic,engineered,random_forest,random,29,holdout,26590,5697,5699,21.96885542200107,0.022266893979582297,147.73193541423402,233.91325995037482,0.9860837176229748,0.023402462888245094,145.88838756917505,237.18789455752548,0.9857647244451138
metro_traffic,engineered,hist_gradient_boosting,random,29,holdout,26590,5697,5699,0.618440782000107,0.0034217730385184687,167.88701255194312,251.87224900755834,0.9838648060728956,0.004167793998797886,167.62009556712763,256.66778070540096,0.9833304625467645
metro_traffic,engineered,mlp,random,29,holdout,26590,5697,5699,9.37827177500003,0.00279414288227682,160.52408961782842,246.6420294579619,0.9845279549994359,0.0024400861556340657,218.29878520003487,4380.213041561972,-3.8547995842092044
metro_traffic,engineered,dummy_mean,random,47,holdout,26590,5697,5699,0.07094084500022291,0.0029763549234862272,1738.9095164725493,1986.2290022988723,-0.0003594360314753686,0.002485281803998811,1725.4599410597098,1975.271498079,-1.753969100537489e-05
metro_traffic,engineered,ridge,random,47,holdout,26590,5697,5699,0.08888461199967423,0.0024614556783009267,281.7234477823051,404.5958302419122,0.958491194082631,0.0021959619228826984,289.1933868764431,417.0794517689489,0.9554147084428437
metro_traffic,engineered,random_forest,random,47,holdout,26590,5697,5699,22.14260651100085,0.024175461997500546,144.74629856520704,224.93857761163108,0.9871700393577468,0.022988377083813398,142.99732520019793,231.39601025394833,0.9862764725275415
metro_traffic,engineered,hist_gradient_boosting,random,47,holdout,26590,5697,5699,0.5090759249997063,0.004411188695595175,162.6440426277148,242.8411348101567,0.9850465314260847,0.002739004386771306,165.73728560145634,255.35501353272198,0.9832874468661524
metro_traffic,engineered,mlp,random,47,holdout,26590,5697,5699,8.995402365999325,0.004018279269768577,152.23555784847116,238.1977339367711,0.9856129190867221,0.0022221101946274667,155.9515345496164,250.8986333676245,0.983865681925703
metro_traffic,engineered,dummy_mean,temporal,11,holdout,26590,5697,5699,0.0640904709998722,0.001483223626576217,1721.208274381263,1966.7736504699935,-0.0025037901669906493,0.0017009531499076946,1741.6222827371982,1986.4152199062366,-0.0032933771858751903
metro_traffic,engineered,ridge,temporal,11,holdout,26590,5697,5699,0.07984634199965512,0.0016604802527767806,281.84177142591795,404.2928576240994,0.9576386883659762,0.0018229475347016344,270.93698033174263,385.0008967321765,0.9623112824904946
metro_traffic,engineered,random_forest,temporal,11,holdout,26590,5697,5699,21.474311850999584,0.02027032894500825,150.59469524863798,236.78826280422837,0.9854689297161209,0.02240784120019653,137.81997998921298,217.07670361496022,0.9880184138906095
metro_traffic,engineered,hist_gradient_boosting,temporal,11,holdout,26590,5697,5699,0.6370659449985396,0.0034671743023358035,167.9624343003608,253.4150296061902,0.9833566020356638,0.0035532263554900055,154.4344405633112,232.14916455143535,0.9862967958661867
metro_traffic,engineered,mlp,temporal,11,holdout,26590,5697,5699,8.262370236001516,0.002365611198761145,200.0170972851568,297.21882146117355,0.977105567847789,0.0023555113177030637,354.22323547006016,427.8382199928234,0.9534577864363508
metro_traffic,engineered,dummy_mean,temporal,29,holdout,26590,5697,5699,0.09066493699901912,0.0015631241004488436,1721.208274381263,1966.7736504699935,-0.0025037901669906493,0.0015411998597487056,1741.6222827371982,1986.4152199062366,-0.0032933771858751903
metro_traffic,engineered,ridge,temporal,29,holdout,26590,5697,5699,0.07995668600051431,0.0020951470947626082,281.84177142591795,404.2928576240994,0.9576386883659762,0.0021706674855299793,270.93698033174263,385.0008967321765,0.9623112824904946
metro_traffic,engineered,random_forest,temporal,29,holdout,26590,5697,5699,21.981845638998493,0.02075241671047461,151.36397499176186,238.0770924486765,0.985310315078486,0.019844354974504756,137.22627758063268,216.62789221132073,0.988067907119151
metro_traffic,engineered,hist_gradient_boosting,temporal,29,holdout,26590,5697,5699,0.6362195609999617,0.003387112339752528,169.017500435925,254.70106821850916,0.9831872485175478,0.0034089650814574882,154.7932420945534,232.28403716739376,0.9862808688318048
metro_traffic,engineered,mlp,temporal,29,holdout,26590,5697,5699,9.427629619998697,0.0025454379497078165,196.11171629688903,293.12452746061825,0.9777319811337347,0.002674411826646792,359.18064085842093,432.2851054946159,0.9524852529812596
metro_traffic,engineered,dummy_mean,temporal,47,holdout,26590,5697,5699,0.0664896639991639,0.0015799083728972017,1721.208274381263,1966.7736504699935,-0.0025037901669906493,0.0014884707845811123,1741.6222827371982,1986.4152199062366,-0.0032933771858751903
metro_traffic,engineered,ridge,temporal,47,holdout,26590,5697,5699,0.08643922199917142,0.0020363959979134492,281.84177142591795,404.2928576240994,0.9576386883659762,0.002177788033017563,270.93698033174263,385.0008967321765,0.9623112824904946
metro_traffic,engineered,random_forest,temporal,47,holdout,26590,5697,5699,22.491151431999242,0.02278379059167317,151.3904975319772,237.56682296294474,0.9853732162601727,0.02378649219149554,138.33514214231516,218.17018886447718,0.9878973996484792
metro_traffic,engineered,hist_gradient_boosting,temporal,47,holdout,26590,5697,5699,0.9068135100005748,0.004179379147086863,168.4280110207989,253.81017873675827,0.9833046575894436,0.003830647657505857,154.80715672710141,231.70158092000884,0.9863495844889645
metro_traffic,engineered,mlp,temporal,47,holdout,26590,5697,5699,8.62939209400065,0.002774454449725298,200.17859446579334,301.2983073013861,0.9764727783326723,0.0018954323566274045,403.69483172182595,469.4977949206158,0.9439526619257906
