dataset,feature_set,model,split_strategy,seed,fold,train_rows,validation_rows,test_rows,fit_seconds,validation_inference_ms_per_row,validation_mae,validation_rmse,validation_r2
bike_sharing,minimal,dummy_mean,rolling_origin,11,fold_1,8651,1730,0,0.01928621500155714,0.0029739924858178204,109.4317186091621,141.72803842111307,-0.004364079481017358
bike_sharing,minimal,ridge,rolling_origin,11,fold_1,8651,1730,0,0.04795751600067888,0.003317053178656709,68.89817958361222,97.29096546629158,0.5267129237680792
bike_sharing,minimal,random_forest,rolling_origin,11,fold_1,8651,1730,0,3.3812071989996184,0.017416679768342287,62.9962981106592,91.08621483611934,0.5851558890540154
bike_sharing,minimal,hist_gradient_boosting,rolling_origin,11,fold_1,8651,1730,0,0.29104787399955967,0.005498934103600948,66.2453377579755,96.02445518919588,0.5389549931458985
bike_sharing,minimal,mlp,rolling_origin,11,fold_1,8651,1730,0,3.7809447519994137,0.0038446936415874457,41.364479220338374,63.5158616403887,0.7982823001497164
bike_sharing,minimal,dummy_mean,rolling_origin,29,fold_2,10381,1731,0,0.02408894400105055,0.003374068746559138,179.77001527754427,236.38843188490318,-0.25019222888632653
bike_sharing,minimal,ridge,rolling_origin,29,fold_2,10381,1731,0,0.028411305000190623,0.0034108359331364224,102.49762663663742,136.64926626195617,0.5822283515459004
bike_sharing,minimal,random_forest,rolling_origin,29,fold_2,10381,1731,0,4.536211736000041,0.020191270941418163,79.14706745625331,110.99392341826456,0.7243723629798787
bike_sharing,minimal,hist_gradient_boosting,rolling_origin,29,fold_2,10381,1731,0,0.31598347300132446,0.006899559214525705,72.8213173280384,103.11692059472882,0.762105596228817
bike_sharing,minimal,mlp,rolling_origin,29,fold_2,10381,1731,0,4.1717517460001545,0.003611848642857926,62.29092287978699,82.86493923500473,0.846373552451031
bike_sharing,minimal,dummy_mean,rolling_origin,47,fold_3,12112,1730,0,0.027545307000764296,0.00311469075155937,190.64550524583652,248.5818256397456,-0.28556619410495854
bike_sharing,minimal,ridge,rolling_origin,47,fold_3,12112,1730,0,0.029330561999813654,0.0033453780347871666,109.74940629085347,138.80220155291235,0.5991809022570258
bike_sharing,minimal,random_forest,rolling_origin,47,fold_3,12112,1730,0,4.727092180999534,0.013647727745713335,104.40135585051588,140.0804336563133,0.591764609053153
bike_sharing,minimal,hist_gradient_boosting,rolling_origin,47,fold_3,12112,1730,0,0.3594734279995464,0.007746031791864385,77.92339049117909,96.23818138257363,0.8073138443593673
bike_sharing,minimal,mlp,rolling_origin,47,fold_3,12112,1730,0,5.121066675999828,0.003515971676315951,44.65358682294269,66.83329988810715,0.9070730877459479
bike_sharing,engineered,dummy_mean,rolling_origin,11,fold_1,8651,1730,0,0.021321809999790275,0.002511627167354626,109.4317186091621,141.72803842111307,-0.004364079481017358
bike_sharing,engineered,ridge,rolling_origin,11,fold_1,8651,1730,0,0.02363741800036223,0.00375225606879638,34.894515230831644,50.72898862800961,0.8713256369006048
bike_sharing,engineered,random_forest,rolling_origin,11,fold_1,8651,1730,0,6.220863425000061,0.01839703410446497,24.670405140259508,42.013510858608626,0.9117412912957173
bike_sharing,engineered,hist_gradient_boosting,rolling_origin,11,fold_1,8651,1730,0,0.29509405399949173,0.005967445664240365,24.069708610626325,38.673876231909965,0.9252149091831522
bike_sharing,engineered,mlp,rolling_origin,11,fold_1,8651,1730,0,3.6510282680010278,0.004910984971292043,21.083060266483493,31.33197768088267,0.9509142720149563
bike_sharing,engineered,dummy_mean,rolling_origin,29,fold_2,10381,1731,0,0.028427630000805948,0.003021363951185444,179.77001527754427,236.38843188490318,-0.25019222888632653
bike_sharing,engineered,ridge,rolling_origin,29,fold_2,10381,1731,0,0.035111377999783144,0.0037358994800744715,48.888814843327054,70.14581026223553,0.8899150808085086
bike_sharing,engineered,random_forest,rolling_origin,29,fold_2,10381,1731,0,8.045682906000366,0.018546677064972407,43.32288733687104,68.94289578238975,0.8936583492696344
bike_sharing,engineered,hist_gradient_boosting,rolling_origin,29,fold_2,10381,1731,0,0.27908978199957346,0.0048140283074825955,41.45347131672045,64.16902214610772,0.9078754884721434
bike_sharing,engineered,mlp,rolling_origin,29,fold_2,10381,1731,0,3.872389774000112,0.0032990704799457124,33.61252940313317,47.97415534980641,0.9485080866357687
bike_sharing,engineered,dummy_mean,rolling_origin,47,fold_3,12112,1730,0,0.02992374700079381,0.0027894942201199574,190.64550524583652,248.5818256397456,-0.28556619410495854
bike_sharing,engineered,ridge,rolling_origin,47,fold_3,12112,1730,0,0.03433104400028242,0.003083019654133298,50.598534936086075,71.8144902385592,0.8927049068563047
bike_sharing,engineered,random_forest,rolling_origin,47,fold_3,12112,1730,0,9.332019994999428,0.019084719075559572,40.952371299264655,64.34108822598259,0.9138743522951457
bike_sharing,engineered,hist_gradient_boosting,rolling_origin,47,fold_3,12112,1730,0,0.35018188300091424,0.006178057803397237,36.691397375585275,55.16237589927368,0.9366944736869584
bike_sharing,engineered,mlp,rolling_origin,47,fold_3,12112,1730,0,3.086432074000186,0.0036172653176041853,32.856756645007785,45.79270461907791,0.9563737095580914
metro_traffic,minimal,dummy_mean,rolling_origin,11,fold_1,18993,3798,0,0.042357861999335,0.0021189631381894614,1650.1198484699903,1877.8892111335526,-0.006494849827243909
metro_traffic,minimal,ridge,rolling_origin,11,fold_1,18993,3798,0,0.050858533000791795,0.002310280673968897,621.7996679317204,815.0099400868388,0.8104178542701737
metro_traffic,minimal,random_forest,rolling_origin,11,fold_1,18993,3798,0,8.095185947999198,0.017363214060067265,368.8738056081307,560.3452064196943,0.9103845385609587
metro_traffic,minimal,hist_gradient_boosting,rolling_origin,11,fold_1,18993,3798,0,0.582064663998608,0.003862187466835184,384.83191072451257,565.6304996743816,0.9086860222069538
metro_traffic,minimal,mlp,rolling_origin,11,fold_1,18993,3798,0,7.549960906000706,0.002234056608846069,382.9740106876872,565.5036640255528,0.9087269696773673
metro_traffic,minimal,dummy_mean,rolling_origin,29,fold_2,22791,3799,0,0.03990105999946536,0.0019009033955450882,1763.1263137782612,1999.458159176874,-0.006151413409100082
metro_traffic,minimal,ridge,rolling_origin,29,fold_2,22791,3799,0,0.06556608300161315,0.0024534327454008367,582.0110677584341,788.5313399985266,0.8435135931903371
metro_traffic,minimal,random_forest,rolling_origin,29,fold_2,22791,3799,0,9.821246051000344,0.017465670439554264,244.98455144352465,396.0529858791788,0.9605228961337873
metro_traffic,minimal,hist_gradient_boosting,rolling_origin,29,fold_2,22791,3799,0,0.4358710369997425,0.0075310634378421715,306.78253116104514,445.24518232167696,0.950107282574779
metro_traffic,minimal,mlp,rolling_origin,29,fold_2,22791,3799,0,9.425462375998904,0.002187899710304317,259.1219891063455,399.4780755897894,0.9598371430124285
metro_traffic,minimal,dummy_mean,rolling_origin,47,fold_3,26590,3798,0,0.0630717280000681,0.0016762872561659448,1755.001071603768,1998.1973005121633,-0.009931604982396758
metro_traffic,minimal,ridge,rolling_origin,47,fold_3,26590,3798,0,0.06080072599979758,0.0017646487622824105,565.024531009566,767.625981201958,0.8509559790712306
metro_traffic,minimal,random_forest,rolling_origin,47,fold_3,26590,3798,0,11.90262640400033,0.018182220115721938,212.10384183189078,365.3597873339278,0.9662357801783229
metro_traffic,minimal,hist_gradient_boosting,rolling_origin,47,fold_3,26590,3798,0,0.3852902729995549,0.003573506319179025,268.31175217634,408.40944912439073,0.9578102656777435
metro_traffic,minimal,mlp,rolling_origin,47,fold_3,26590,3798,0,10.842900618001295,0.0022148944185178664,236.3709882132179,382.1720119721455,0.9630569298256926
metro_traffic,engineered,dummy_mean,rolling_origin,11,fold_1,18993,3798,0,0.04966739900009998,0.0017685958399760622,1650.1198484699903,1877.8892111335526,-0.006494849827243909
metro_traffic,engineered,ridge,rolling_origin,11,fold_1,18993,3798,0,0.06662570600019535,0.002401665876879567,286.8543075994725,404.8949406690483,0.9532096467981672
metro_traffic,engineered,random_forest,rolling_origin,11,fold_1,18993,3798,0,14.249968882999383,0.01939698393872536,174.8388571828569,269.0989046579046,0.97933214131998
metro_traffic,engineered,hist_gradient_boosting,rolling_origin,11,fold_1,18993,3798,0,0.5017665079994913,0.0033113709846721755,189.92227354829478,285.48271103045874,0.9767388464632586
metro_traffic,engineered,mlp,rolling_origin,11,fold_1,18993,3798,0,8.10436617599953,0.002699348604427009,184.7616774748426,280.3976613519332,0.9775601268550134
metro_traffic,engineered,dummy_mean,rolling_origin,29,fold_2,22791,3799,0,0.06598639200092293,0.0016485114499711938,1763.1263137782612,1999.458159176874,-0.006151413409100082
metro_traffic,engineered,ridge,rolling_origin,29,fold_2,22791,3799,0,0.06729891900067742,0.0022960852858193146,285.79216644539287,409.7794766646821,0.9577390643932195
metro_traffic,engineered,random_forest,rolling_origin,29,fold_2,22791,3799,0,17.432455939000647,0.021812593314323427,151.0562299757303,239.15017934517746,0.9856060456022383
metro_traffic,engineered,hist_gradient_boosting,rolling_origin,29,fold_2,22791,3799,0,0.5098261989987805,0.003878584890688271,163.06338790319597,249.71500719605257,0.984306204587282
metro_traffic,engineered,mlp,rolling_origin,29,fold_2,22791,3799,0,7.628821561000223,0.0024581408267203356,182.03225891295926,270.77022484754366,0.981548124661156
metro_traffic,engineered,dummy_mean,rolling_origin,47,fold_3,26590,3798,0,0.09449983699960285,0.0016460821487955376,1755.001071603768,1998.1973005121633,-0.009931604982396758
metro_traffic,engineered,ridge,rolling_origin,47,fold_3,26590,3798,0,0.08629993099930289,0.0022520768823591133,273.09148189992777,388.62273304807366,0.9617992727563186
metro_traffic,engineered,random_forest,rolling_origin,47,fold_3,26590,3798,0,21.547897804999593,0.02324268272735142,142.62782724249902,220.36568531524858,0.9877170364158421
metro_traffic,engineered,hist_gradient_boosting,rolling_origin,47,fold_3,26590,3798,0,0.5887212199995702,0.003706016324577688,158.93176277781527,236.66737372687206,0.9858325395010984
metro_traffic,engineered,mlp,rolling_origin,47,fold_3,26590,3798,0,8.539814414998546,0.0025953509744002998,155.16140903856783,236.4584545422055,0.9858575412395071
