dataset,feature_set,model,split_strategy,test_mae_mean,test_mae_std,test_rmse_mean,test_rmse_std,test_r2_mean,test_r2_std,fit_seconds_mean,inference_ms_per_row_mean
bike_sharing,engineered,dummy_mean,random,142.62818290629693,0.6975677897829603,181.49122137767537,0.7087243835537467,-0.00010617621731734417,0.00011054645009769227,0.031147089999042993,0.0022511886234466236
bike_sharing,engineered,dummy_mean,temporal,168.23460872636085,0.0,226.72334838121137,0.0,-0.11993367899354457,0.0,0.03380536566631539,0.0021348460450799772
bike_sharing,engineered,hist_gradient_boosting,random,22.95531728812922,0.2596622374153044,34.98859305979105,0.5383695127921658,0.9628184549479365,0.0013859386432803378,0.3147955480004991,0.003936294941047897
bike_sharing,engineered,hist_gradient_boosting,temporal,33.95056765548889,0.5364634373771017,54.93959918141729,1.1850710776826066,0.9342182417757039,0.002846684092075374,0.4447890120009106,0.004569228042894568
bike_sharing,engineered,mlp,random,19.964207981211946,0.35475088914420233,31.269761529475897,1.2623770728132409,0.9702662461136896,0.002631659790378213,4.0617950760000285,0.0030312030045626243
bike_sharing,engineered,mlp,temporal,30.73888638578343,1.839856733360311,44.616339133010335,1.8518026130339602,0.9565803664517524,0.0036118557402215062,3.779030589333464,0.0024000588084918486
bike_sharing,engineered,random_forest,random,22.231795347535996,0.5453099370342803,36.36534546767441,0.7334694286850804,0.9598273844608013,0.001930915912354317,9.226962385000661,0.02026389830505437
bike_sharing,engineered,random_forest,temporal,35.88181772959941,0.370981764604548,60.317373087910234,0.976824232210255,0.9207205592781659,0.002563989293790846,9.384784053666712,0.01740839933259825
bike_sharing,engineered,ridge,random,37.54599750137255,0.9269132858837372,54.81039507507422,1.28133164535765,0.9087286619986044,0.004973374350038297,0.037024514666579,0.002477373266764001
bike_sharing,engineered,ridge,temporal,47.72711927799592,0.0,70.7788190464572,0.0,0.890854348999574,0.0,0.040561031333102925,0.0020490839753300578
bike_sharing,minimal,dummy_mean,random,142.62818290629693,0.6975677897829603,181.49122137767537,0.7087243835537467,-0.00010617621731734417,0.00011054645009769227,0.022402981666649186,0.0021313103491588073
bike_sharing,minimal,dummy_mean,temporal,168.23460872636085,0.0,226.72334838121137,0.0,-0.11993367899354457,0.0,0.02355265000066235,0.001852474705109081
bike_sharing,minimal,hist_gradient_boosting,random,40.789061791681895,0.40011364404812255,58.76448328111212,1.1817340315327451,0.8951376148797658,0.0035554377208856444,0.32794522799971065,0.006638174114030164
bike_sharing,minimal,hist_gradient_boosting,temporal,65.1988760682289,0.6995369059811145,91.63155500103169,0.7629279279544028,0.817059443747496,0.0030442162437980457,0.2891018936673693,0.003929023497974826
bike_sharing,minimal,mlp,random,27.568438523310572,0.4098391501546789,43.48346691126665,1.3012832746916443,0.9425458777209098,0.0036749525978621183,4.423771239666166,0.0026017818437024417
bike_sharing,minimal,mlp,temporal,49.346934760625366,1.076637278377647,74.42125501435909,0.7904212035961355,0.8793224598139048,0.0025613117746524313,4.971504271333591,0.002544850025646918
bike_sharing,minimal,random_forest,random,36.251081428128074,0.5602984809514684,57.37372528661674,0.914394225161313,0.9000515327720412,0.0024164891403959305,4.802143044998957,0.01887340344118567
bike_sharing,minimal,random_forest,temporal,65.6251139726269,0.2004420761839777,94.99247716383199,0.2609266764364019,0.803401399434574,0.0010791806960559736,4.628633857999375,0.014625205315757839
bike_sharing,minimal,ridge,random,76.02915859231412,1.097611786808747,102.36648845206231,0.6007902653650913,0.6818024767606844,0.0060035651275493354,0.028057409333390144,0.0025475193888596123
bike_sharing,minimal,ridge,temporal,99.68174621229053,0.0,135.37199217241144,0.0,0.600738483796786,0.0,0.028479494333926898,0.0020856448380971583
metro_traffic,engineered,dummy_mean,random,1736.144552577606,9.407463023493802,1982.1190156048494,6.421036169245037,-3.800632888199355e-05,2.1259182739507216e-05,0.07948175800023212,0.0019855569983621753
metro_traffic,engineered,dummy_mean,temporal,1741.6222827371982,0.0,1986.4152199062366,0.0,-0.0032933771858751903,0.0,0.07374835733268507,0.0015768745980791709
metro_traffic,engineered,hist_gradient_boosting,random,167.45977189700122,1.6481830580667922,258.84461058942037,4.950973148612886,0.982941857343946,0.0006361949448757158,0.5913178050001685,0.00329503497685729
metro_traffic,engineered,hist_gradient_boosting,temporal,154.67827979498867,0.21128554713593317,232.0449275462793,0.30489807307090355,0.9863090830623187,3.596792705049822e-05,0.726699671999692,0.00359761303148445
metro_traffic,engineered,mlp,random,178.6061393870872,34.48936134705958,1630.3652772584971,2381.442353242638,-0.6293741498638975,2.793300413890534,9.126938830332923,0.0023568743053903334
metro_traffic,engineered,mlp,temporal,372.36623601676905,27.24435076643082,443.20704013601835,22.876768522332593,0.9499652337811337,0.005229696030082979,8.773130650000288,0.002308451833659087
metro_traffic,engineered,random_forest,random,145.3026510269668,2.0754037886663554,237.3864827119746,6.092194546727478,0.9856512846202018,0.0006889482709940798,21.919496048000536,0.022645791659390787
metro_traffic,engineered,random_forest,temporal,137.7937999040536,0.5548956673853442,217.29159489691938,0.7932864797038549,0.9879945735527466,8.771813193853614e-05,21.98243630733244,0.02201289612206561
metro_traffic,engineered,ridge,random,289.49661882606785,1.3359919749461588,510.4567452716148,161.6920362034284,0.9293945099652365,0.04536153757612628,0.08713545933339144,0.001981727905444396
metro_traffic,engineered,ridge,temporal,270.93698033174263,0.0,385.0008967321765,0.0,0.9623112824904946,0.0,0.08208074999978028,0.002057134351083059
metro_traffic,minimal,dummy_mean,random,1736.144552577606,9.407463023493802,1982.1190156048494,6.421036169245037,-3.800632888199355e-05,2.1259182739507216e-05,0.05051714366648715,0.0017694750540874508
metro_traffic,minimal,dummy_mean,temporal,1741.6222827371982,0.0,1986.4152199062366,0.0,-0.0032933771858751903,0.0,0.05340935400029897,0.0017628862958175597
metro_traffic,minimal,hist_gradient_boosting,random,303.4445408022694,8.703446146406119,477.2931401673026,13.801212141782917,0.9419766079697857,0.003460361512414847,0.564128434999778,0.0034488924956198124
metro_traffic,minimal,hist_gradient_boosting,temporal,278.8397638022241,0.7530499354963105,439.4460569476889,1.3884380384811292,0.9508976914012072,0.0003104823192991076,0.5667295123336468,0.003423763467143424
metro_traffic,minimal,mlp,random,283.7332620782873,55.11127562194676,2917.5212677762543,4269.558940300129,-4.229197051229522,8.966685986708994,12.133412928000325,0.002266940515934764
metro_traffic,minimal,mlp,temporal,338.15812738487267,13.724632066010377,482.33907001145525,9.941371994951263,0.9408280697981319,0.002447439321803832,10.802400057333822,0.0022508132419367575
metro_traffic,minimal,random_forest,random,248.0523992071913,7.277021000929299,452.97832642709733,16.510196352083284,0.9477130408724278,0.0039893392720390325,12.535733626999596,0.02090311686277049
metro_traffic,minimal,random_forest,temporal,236.61826181399945,0.574412247060217,418.7421495520839,0.4576310815912907,0.9554157383059976,9.746953889223745e-05,11.872632563667139,0.017800992337953413
metro_traffic,minimal,ridge,random,592.9878929498897,19.368076392900566,1694.6273566540185,1541.8548548649403,-0.1286597763650259,1.6687456477358662,0.05975763233315471,0.0017510159677069607
metro_traffic,minimal,ridge,temporal,558.7860594903227,0.0,767.5547477916449,0.0,0.8502017975223671,0.0,0.057164858666510554,0.0017861609640206517
